Epoch,test_loss,test_acc
0,5.652577980568535,0.36101973684210525
