Epoch,test_loss,test_acc
0,5.490915400277677,0.6014234875444839
