Epoch,test_loss,test_acc
0,5.268506954922232,0.7369186046511628
