Epoch,test_loss,test_acc
0,5.688755713976347,0.34615384615384615
