Epoch,test_loss,test_acc
0,5.503656086714371,0.6159420289855072
