RGB_Acc,Flow_Acc,Joint_Acc
0.6014492753623188,0.6159420289855072,0.6630434782608695
