RGB_Acc,Flow_Acc,Joint_Acc
0.7210144927536232,0.6159420289855072,0.7391304347826086
